pdf,store_folder,correct_sf,status,model_values_seen
20240912103837517060.pdf,1150,1200,REVIEW,104000; 150000
20240912104716746251.pdf,1001,,REVIEW,119; 155000; 52
20240912131552443975.pdf,10099,120205,AGREE,120205
20240912131941034699.pdf,10350,,REVIEW,100000; 111744
20240912132106205145.pdf,10439,1400,AGREE,1400
20240912132122486809.pdf,10455,,ALL_NULL,
20240912132441386579.pdf,10657,,REVIEW,3770; 42923
20240912132524295488.pdf,10713,1400,AGREE,1400
20240912132708411685.pdf,10800,,REVIEW,1200; 36155; 7080; 7200
20240912133001408947.pdf,10977,46000,AGREE,46000
20240912133302950116.pdf,11163,46444,REVIEW,1500; 4000; 46444
20240918134820671739.pdf,10195,67019,AGREE,67019
20240918135005349219.pdf,11097,1046359,AGREE,1046359
20240918140345125332.pdf,11524,260000,AGREE,260000
20240918142905086890.pdf,10103,97535,AGREE,97535
village_of_blaine.pdf,data,221239,AGREE,221239
